age,gender,income,loan_amount,pin_code,employment_type,credit_score,outcome
48,M,139258,844217,241001,salaried,692,APPROVED
41,M,72770,171477,110044,salaried,790,REJECTED
56,M,109425,531640,500001,salaried,677,APPROVED
43,M,58576,1481015,400002,self_employed,828,APPROVED
55,F,11903,837828,845401,self_employed,636,REJECTED
48,M,91677,1095211,110002,informal,737,APPROVED
37,M,131615,822325,600002,self_employed,752,REJECTED
57,M,107948,445462,221001,salaried,787,APPROVED
40,F,132997,1172183,110002,salaried,751,REJECTED
41,M,60092,328365,845401,salaried,694,APPROVED
41,F,88717,1112605,221002,self_employed,503,APPROVED
27,M,63037,341986,110002,self_employed,788,APPROVED
53,M,89377,1347087,600002,informal,815,APPROVED
48,M,105790,1195792,273001,self_employed,741,REJECTED
24,M,44649,570812,221001,informal,637,APPROVED
56,F,87548,757856,845401,self_employed,519,REJECTED
51,M,40793,1408345,400002,informal,755,REJECTED
57,M,86581,314827,221001,self_employed,751,APPROVED
57,M,101251,778708,845406,informal,641,APPROVED
59,M,106736,1042499,110001,self_employed,676,APPROVED
59,M,97167,329780,221002,salaried,779,APPROVED
26,Other,67820,252591,845401,informal,840,APPROVED
62,M,67106,906919,500002,salaried,540,APPROVED
47,M,142804,650808,221001,self_employed,756,REJECTED
59,F,142286,404386,221001,salaried,833,REJECTED
28,F,69757,331826,226001,salaried,726,REJECTED
57,F,26636,1423491,110044,salaried,607,REJECTED
32,M,84210,682220,400001,salaried,823,APPROVED
58,M,67138,1025246,400002,self_employed,688,APPROVED
52,M,108718,660771,273001,salaried,613,REJECTED
59,Other,57473,855222,400002,self_employed,830,APPROVED
42,F,24426,1325385,221002,self_employed,798,REJECTED
61,F,118693,918307,560002,salaried,679,APPROVED
61,F,35253,210468,845406,self_employed,766,REJECTED
60,F,132883,1412243,600001,salaried,698,APPROVED
26,Other,117254,1461336,845406,self_employed,824,APPROVED
49,F,48160,562119,110044,self_employed,789,REJECTED
35,Other,119205,1346267,110001,self_employed,754,REJECTED
45,M,21509,112255,273001,salaried,645,APPROVED
30,M,33014,851546,110043,self_employed,847,APPROVED
62,M,12477,409417,400001,salaried,722,APPROVED
36,M,37291,1090575,600002,salaried,539,APPROVED
26,F,71190,604811,500002,informal,820,APPROVED
30,F,70668,192539,500001,self_employed,504,APPROVED
25,F,83162,1328733,221002,salaried,509,REJECTED
31,F,41531,991704,600002,salaried,585,REJECTED
44,F,46517,1031272,400001,informal,734,APPROVED
47,F,67303,691726,560002,salaried,693,APPROVED
27,Other,135507,321506,600002,salaried,521,APPROVED
41,F,21542,1490853,400001,informal,544,REJECTED
61,M,89848,1116061,273001,self_employed,835,APPROVED
52,M,10179,745696,226002,informal,603,REJECTED
30,F,31711,929907,560001,informal,561,APPROVED
52,F,83442,1321968,845406,salaried,594,APPROVED
41,M,138594,1250990,273001,self_employed,537,REJECTED
44,F,113873,1126802,845401,salaried,653,APPROVED
39,Other,92409,258596,226002,salaried,584,APPROVED
25,M,89992,115653,600001,self_employed,678,REJECTED
41,M,12222,797947,221002,informal,703,REJECTED
33,M,121475,365034,600002,informal,654,APPROVED
55,F,141896,400863,845401,informal,548,APPROVED
44,M,124744,1354023,110002,salaried,547,APPROVED
62,F,127900,963708,500001,salaried,744,APPROVED
32,F,125680,1007387,400002,salaried,719,APPROVED
35,M,24796,343885,226002,self_employed,648,APPROVED
50,F,93187,137987,226002,self_employed,616,APPROVED
26,F,131921,642040,500001,informal,659,APPROVED
35,M,50561,1427275,226002,self_employed,555,APPROVED
48,M,139945,1263540,500001,self_employed,783,REJECTED
28,M,78800,1346254,400002,salaried,835,APPROVED
29,M,133250,1165484,600001,self_employed,772,APPROVED
56,M,79537,1435374,226002,salaried,621,APPROVED
60,M,134029,1428179,600002,salaried,731,APPROVED
57,M,142497,1419586,110043,self_employed,850,APPROVED
49,M,60838,666575,110043,salaried,590,APPROVED
46,F,91072,1389973,226002,informal,685,REJECTED
49,M,143348,336111,400001,self_employed,763,APPROVED
52,F,85284,945596,400002,self_employed,662,APPROVED
32,M,23864,621831,110002,salaried,825,APPROVED
30,F,137885,537954,400002,salaried,785,APPROVED
30,M,120195,835301,241001,informal,695,APPROVED
37,M,139382,202907,400001,informal,788,REJECTED
50,M,57516,1332037,600002,salaried,683,APPROVED
51,F,12184,189665,400001,salaried,638,APPROVED
41,M,124134,910378,241001,salaried,532,REJECTED
53,F,14123,63867,500002,self_employed,710,APPROVED
61,F,14371,747649,845401,informal,662,REJECTED
44,M,38756,641835,226002,informal,620,APPROVED
58,M,25154,1374577,560001,informal,838,REJECTED
45,F,83546,786151,845406,self_employed,626,APPROVED
42,M,105688,1474599,110043,informal,564,REJECTED
35,F,40756,428880,400002,informal,592,APPROVED
61,F,123204,187972,845406,salaried,528,REJECTED
31,M,69183,623878,110001,salaried,693,REJECTED
43,M,108908,1046624,226001,informal,810,APPROVED
34,F,38063,1067895,221001,salaried,516,REJECTED
54,F,70928,1105748,500001,self_employed,506,APPROVED
29,M,81937,740400,241001,self_employed,768,APPROVED
55,M,142214,1485223,845401,salaried,576,APPROVED
27,F,123763,256450,845401,informal,551,REJECTED
39,F,10672,643156,226002,self_employed,800,REJECTED
60,F,96807,1263015,500002,self_employed,671,APPROVED
37,M,114573,237041,241001,salaried,606,APPROVED
53,F,49021,1419157,400001,self_employed,519,REJECTED
62,F,57700,320601,226002,salaried,528,REJECTED
47,M,69214,1359823,273001,self_employed,547,REJECTED
23,M,47428,1324172,560001,self_employed,724,APPROVED
36,M,23494,1311415,226001,self_employed,511,APPROVED
23,M,71546,1052222,110044,self_employed,551,APPROVED
50,F,92853,298946,226001,informal,834,APPROVED
37,M,147125,947018,845406,salaried,524,APPROVED
32,F,146298,304757,221001,salaried,724,REJECTED
52,M,57606,453056,226002,informal,628,REJECTED
62,M,95245,848814,273001,informal,771,APPROVED
31,M,46070,130327,110002,salaried,741,APPROVED
29,F,56785,1176712,110044,salaried,565,REJECTED
61,M,87305,730809,500001,informal,820,APPROVED
56,M,87009,723629,560001,salaried,667,APPROVED
35,F,118174,1404616,110002,informal,572,APPROVED
23,F,95489,128386,241001,self_employed,716,REJECTED
50,F,85663,393493,500001,informal,717,REJECTED
33,M,32653,439354,221002,salaried,820,REJECTED
57,Other,86116,679054,400002,informal,826,APPROVED
42,M,100315,1295450,845401,self_employed,656,APPROVED
47,M,122434,1309114,400001,salaried,545,REJECTED
47,F,55908,920428,110001,salaried,816,APPROVED
42,M,90000,800000,560001,salaried,765,APPROVED
34,M,138586,428340,560001,self_employed,510,APPROVED
52,M,81065,147647,273001,informal,850,REJECTED
36,F,131691,1363790,600001,self_employed,641,APPROVED
50,M,112423,166713,226002,informal,653,APPROVED
55,M,143228,944832,226002,salaried,696,APPROVED
26,M,74037,824954,110044,salaried,724,REJECTED
44,F,117712,603934,600001,salaried,748,APPROVED
22,F,51403,903346,241001,self_employed,743,REJECTED
48,M,50464,206926,560001,self_employed,635,APPROVED
40,F,78680,428803,241001,salaried,753,REJECTED
25,M,108931,473075,221001,informal,691,REJECTED
41,F,65009,722934,273001,salaried,646,APPROVED
62,M,48987,531053,273001,salaried,705,APPROVED
53,M,36136,1378598,400002,salaried,797,APPROVED
53,M,35045,1159309,600002,salaried,792,APPROVED
26,M,10571,361726,845406,informal,575,REJECTED
31,M,113497,890170,400002,self_employed,552,APPROVED
34,M,18923,99703,110001,self_employed,529,REJECTED
61,M,11736,1185553,500002,informal,746,APPROVED
59,Other,24660,1078356,845406,self_employed,557,REJECTED
51,M,80600,1296136,500002,self_employed,668,REJECTED
29,F,76325,140767,500002,salaried,841,APPROVED
27,Other,54937,268760,110001,self_employed,590,APPROVED
38,M,103181,584480,600002,self_employed,757,APPROVED
45,M,54920,1155045,110002,informal,819,REJECTED
37,F,64023,191119,400001,salaried,517,APPROVED
58,M,108384,881844,845406,informal,601,APPROVED
61,M,16882,1327154,226002,informal,636,APPROVED
52,Other,120556,1410729,110043,informal,585,APPROVED
59,M,38587,997924,600001,self_employed,814,APPROVED
37,M,22053,1039362,221001,salaried,576,APPROVED
50,F,24584,1000916,600001,salaried,712,APPROVED
53,M,41067,520776,500002,self_employed,597,REJECTED
56,F,109141,834870,560002,salaried,719,REJECTED
37,M,15575,647765,110043,salaried,794,REJECTED
60,F,93177,978143,600001,self_employed,758,APPROVED
24,M,62213,1016440,560002,self_employed,548,APPROVED
25,M,75911,338817,221001,salaried,645,REJECTED
27,F,25708,338474,600002,salaried,651,APPROVED
43,F,58973,1090613,500001,self_employed,688,REJECTED
23,F,33797,355255,110044,informal,642,REJECTED
42,M,115486,670033,110043,self_employed,598,APPROVED
62,M,48765,1297905,560002,salaried,534,APPROVED
33,M,116254,91411,600001,salaried,774,APPROVED
59,F,82676,1341609,273001,self_employed,742,APPROVED
35,F,59193,931173,400001,self_employed,585,APPROVED
24,F,130847,156194,400002,salaried,793,APPROVED
44,M,105947,990535,226002,self_employed,560,REJECTED
24,M,26603,598641,500002,self_employed,506,REJECTED
43,F,14265,195655,400001,self_employed,712,APPROVED
62,Other,94510,292022,226002,informal,787,APPROVED
34,F,135644,1445115,560001,informal,560,APPROVED
51,M,95680,757789,845401,informal,694,APPROVED
22,M,141255,834875,400001,self_employed,712,REJECTED
29,F,84109,289101,600002,informal,754,APPROVED
33,M,53742,1076853,600001,salaried,595,APPROVED
49,M,57132,1002934,600002,self_employed,782,APPROVED
28,F,66218,1116073,241001,salaried,673,REJECTED
41,F,22000,200000,226001,self_employed,634,REJECTED
34,M,56428,668517,110001,salaried,725,APPROVED
49,M,39287,213022,221002,salaried,747,APPROVED
40,F,66513,433940,845406,informal,750,APPROVED
55,F,96216,1243759,560002,informal,735,APPROVED
37,Other,106898,1272436,226001,self_employed,734,APPROVED
32,M,143362,622085,560001,self_employed,839,APPROVED
62,M,45286,112334,560002,salaried,527,REJECTED
46,M,129365,724816,226002,informal,622,REJECTED
34,Other,34601,1177704,845401,self_employed,548,APPROVED
49,F,43409,137721,560001,salaried,520,REJECTED
32,Other,21302,163304,560001,self_employed,645,APPROVED
36,F,133390,879127,845406,salaried,686,APPROVED
52,F,115068,1170649,273001,self_employed,714,REJECTED
41,M,126584,804801,221001,informal,552,APPROVED
37,F,141400,628558,845406,informal,820,APPROVED
62,F,13703,453996,110002,salaried,718,APPROVED
44,M,112593,870118,226001,salaried,644,APPROVED
42,F,70695,546222,500002,salaried,589,APPROVED
49,M,124125,1239528,273001,informal,778,REJECTED
47,F,31062,1137450,500001,informal,716,APPROVED
25,F,77695,605042,110044,salaried,535,REJECTED
62,M,18244,295801,273001,informal,677,APPROVED
29,M,112458,403272,845406,salaried,505,REJECTED
57,F,19619,1003839,110043,salaried,629,APPROVED
59,M,16355,1369351,400002,informal,549,APPROVED
26,F,35979,1262434,273001,informal,770,APPROVED
51,F,131572,340715,400001,informal,707,APPROVED
43,M,136546,114997,400002,salaried,834,APPROVED
36,F,10969,1389591,500002,salaried,617,APPROVED
54,F,143618,1166397,110044,self_employed,788,APPROVED
28,M,37367,213176,845406,salaried,671,APPROVED
55,F,15948,664820,560002,salaried,849,APPROVED
28,M,43134,121461,500002,informal,512,REJECTED
23,F,127837,1277308,500002,salaried,650,APPROVED
31,F,131524,1404973,226002,self_employed,756,APPROVED
29,M,145118,1413353,400001,salaried,722,REJECTED
27,M,82335,887673,560001,salaried,702,APPROVED
40,M,126633,343297,226002,self_employed,660,APPROVED
54,Other,134443,818528,845401,self_employed,594,APPROVED
24,M,113754,745193,500001,self_employed,525,REJECTED
28,M,43116,1107503,845401,salaried,795,REJECTED
54,F,30490,943889,560002,self_employed,659,APPROVED
53,F,47517,536934,560002,self_employed,630,APPROVED
37,F,94874,83095,110044,salaried,526,APPROVED
33,M,78626,262211,221001,salaried,846,APPROVED
41,M,85212,490785,400001,salaried,796,APPROVED
40,M,61051,120483,226002,informal,761,APPROVED
24,M,12429,675773,110001,self_employed,554,REJECTED
50,M,120027,1150539,845406,salaried,632,APPROVED
60,M,102312,1043693,400001,self_employed,750,APPROVED
29,M,147965,815229,560001,informal,691,APPROVED
30,Other,50617,211826,560002,salaried,551,APPROVED
40,F,32478,504229,400001,salaried,741,APPROVED
32,M,25443,1338648,110043,informal,592,APPROVED
54,M,129391,1106582,400001,self_employed,768,APPROVED
48,F,96566,287688,560002,self_employed,745,APPROVED
40,F,74605,204154,273001,salaried,578,APPROVED
48,M,141548,1332362,845401,informal,531,REJECTED
26,M,59325,1282252,400001,self_employed,786,APPROVED
61,M,99888,682241,226002,self_employed,603,APPROVED
42,M,47563,256048,110001,informal,764,APPROVED
39,M,52033,194444,226001,self_employed,730,APPROVED
60,M,84186,260818,600001,informal,651,APPROVED
48,M,68341,1457900,110001,informal,604,APPROVED
57,F,12772,1460967,110002,salaried,534,APPROVED
52,F,126555,439909,110043,salaried,522,APPROVED
24,Other,25637,638469,241001,salaried,738,APPROVED
22,M,37941,941596,241001,salaried,765,APPROVED
57,M,98490,589653,500002,informal,750,REJECTED
34,M,46140,1189017,110001,informal,504,REJECTED
55,F,74551,558171,273001,salaried,720,APPROVED
44,F,95220,1461787,110001,self_employed,728,REJECTED
22,M,123854,191057,560002,self_employed,812,APPROVED
37,M,36226,647975,241001,self_employed,599,APPROVED
41,M,71530,489212,500002,self_employed,509,APPROVED
31,F,26261,1498282,110001,informal,604,REJECTED
43,M,14632,116266,600001,informal,560,APPROVED
43,F,85171,1109109,226001,salaried,636,APPROVED
29,M,17567,1371252,226001,self_employed,622,REJECTED
44,M,114521,324236,110002,informal,763,APPROVED
28,M,58517,1105371,400001,informal,818,APPROVED
57,F,136814,582210,110002,informal,795,APPROVED
31,F,14820,839801,600002,self_employed,839,APPROVED
32,M,91346,1282059,226001,salaried,850,APPROVED
27,F,149865,1322666,500002,salaried,801,APPROVED
53,F,36029,373581,600001,self_employed,671,REJECTED
53,M,30004,491022,221002,self_employed,692,REJECTED
46,M,100087,887480,226001,informal,703,APPROVED
57,M,46142,190833,273001,salaried,820,APPROVED
33,M,29677,378272,845401,salaried,730,APPROVED
23,M,89152,693753,110044,self_employed,563,REJECTED
58,F,43645,690830,241001,informal,504,REJECTED
62,Other,78514,999418,110044,salaried,839,REJECTED
60,M,30239,1032381,226002,self_employed,834,APPROVED
58,M,44234,1237286,226002,informal,675,REJECTED
56,M,50826,1035593,221001,salaried,609,APPROVED
35,M,32724,260690,226001,salaried,563,APPROVED
26,M,76838,596673,500001,salaried,583,APPROVED
26,Other,37583,1107792,110002,informal,666,APPROVED
60,M,44054,838441,400002,self_employed,831,APPROVED
56,M,115753,242823,500001,salaried,609,APPROVED
30,F,138964,239670,400002,informal,670,REJECTED
59,M,37903,1493082,600001,salaried,834,APPROVED
57,M,146835,834104,110001,self_employed,523,REJECTED
31,M,87810,509075,110002,self_employed,733,APPROVED
22,F,112723,458122,110002,salaried,792,APPROVED
23,F,104606,1211867,226001,self_employed,739,REJECTED
54,F,80582,911589,560002,informal,795,APPROVED
49,M,90053,1242502,273001,self_employed,812,REJECTED
26,M,134695,1474241,560002,salaried,506,REJECTED
23,M,24511,105267,845401,informal,600,REJECTED
60,M,96320,991976,845406,self_employed,605,REJECTED
55,M,54723,109918,560001,salaried,682,APPROVED
42,F,33629,1381013,500001,salaried,622,REJECTED
32,F,134640,50517,560001,salaried,526,APPROVED
31,M,19570,724114,110044,self_employed,806,APPROVED
60,Other,20418,1348937,600002,salaried,836,APPROVED
29,F,123338,356700,600002,self_employed,594,APPROVED
35,Other,53754,882664,400002,salaried,532,REJECTED
24,M,74184,1046433,221001,self_employed,537,APPROVED
25,M,53158,844764,110043,salaried,699,APPROVED
26,M,121797,643671,500001,salaried,667,APPROVED
32,M,56961,1237737,500002,informal,837,REJECTED
52,F,86031,657018,500002,self_employed,801,APPROVED
46,F,77263,1182959,221002,self_employed,512,REJECTED
28,F,124004,111282,400002,salaried,667,REJECTED
31,M,108949,105253,400002,self_employed,717,APPROVED
40,M,24034,873466,600002,salaried,843,APPROVED
29,F,12525,718129,110044,self_employed,668,APPROVED
62,F,91919,1335636,400002,salaried,675,APPROVED
25,M,32995,636732,500002,salaried,714,APPROVED
27,Other,125099,296176,110044,informal,621,APPROVED
29,F,79082,568739,845406,self_employed,719,APPROVED
36,M,111822,794079,400001,informal,588,APPROVED
58,F,66999,211903,110043,self_employed,747,APPROVED
44,M,135746,1191936,110043,informal,676,REJECTED
61,M,50515,546474,500001,informal,590,REJECTED
40,M,29602,1170767,560001,self_employed,765,REJECTED
33,M,16631,816901,110044,informal,843,APPROVED
36,M,27987,1416828,110002,salaried,515,REJECTED
57,M,130917,1401980,400001,self_employed,648,APPROVED
44,M,114413,112788,600001,salaried,665,APPROVED
23,M,22644,1496510,400002,salaried,727,APPROVED
24,F,71524,783436,600001,salaried,759,APPROVED
42,F,118114,790496,560002,self_employed,504,REJECTED
39,M,49630,1497319,226002,informal,809,REJECTED
23,M,112105,1462009,110044,salaried,503,REJECTED
24,M,125741,797676,226001,informal,787,APPROVED
30,F,88642,1008869,110043,salaried,537,APPROVED
31,M,102568,646392,221001,self_employed,585,REJECTED
47,M,78340,164574,500001,salaried,612,APPROVED
25,M,49617,1449782,600002,salaried,842,APPROVED
24,M,140116,485565,241001,self_employed,746,APPROVED
27,F,77978,1462240,241001,salaried,773,APPROVED
31,M,125340,161615,226001,salaried,527,APPROVED
46,M,112315,726166,110044,self_employed,750,APPROVED
47,M,72516,288149,560002,salaried,514,APPROVED
60,M,66509,643425,845401,self_employed,596,APPROVED
48,M,137456,636749,110044,salaried,570,REJECTED
44,F,123760,62184,241001,salaried,601,APPROVED
56,Other,40457,52935,560002,self_employed,823,APPROVED
31,M,133990,70431,241001,salaried,755,APPROVED
37,M,73558,156462,273001,self_employed,771,APPROVED
30,F,80778,228083,110043,salaried,758,REJECTED
34,F,14500,100000,845401,informal,588,REJECTED
32,M,124992,560959,600001,informal,520,APPROVED
61,M,79956,1320044,221001,self_employed,618,REJECTED
61,F,76301,1477490,600001,self_employed,732,APPROVED
35,M,132342,683644,845406,self_employed,819,APPROVED
33,M,38053,251984,500001,self_employed,623,APPROVED
32,M,125824,1206957,845406,self_employed,787,APPROVED
48,M,138077,1214288,845401,informal,743,REJECTED
41,F,81765,1225578,221001,salaried,674,APPROVED
54,M,113395,457791,400002,self_employed,808,APPROVED
22,F,39242,1316305,845406,salaried,802,REJECTED
33,F,105890,733639,600001,salaried,558,APPROVED
36,M,29490,736011,221002,salaried,671,APPROVED
48,F,107646,1011456,600001,informal,543,REJECTED
62,F,89476,513780,273001,salaried,752,REJECTED
45,M,144431,1092866,845406,self_employed,740,REJECTED
54,F,138065,576639,845406,informal,526,APPROVED
36,M,69011,1471229,560002,salaried,833,APPROVED
38,M,135233,289258,221001,informal,705,APPROVED
26,M,57816,336521,845401,salaried,826,APPROVED
53,Other,123340,700329,845406,informal,808,APPROVED
33,M,141935,386275,600002,salaried,716,APPROVED
30,M,49539,534990,400002,salaried,578,APPROVED
31,M,139551,1376720,226002,informal,601,REJECTED
48,Other,116108,199619,110002,salaried,675,APPROVED
35,F,24175,1444618,845401,informal,613,REJECTED
57,F,56788,1049409,400002,salaried,611,REJECTED
51,M,26464,282485,273001,informal,755,REJECTED
58,F,70875,1172295,400002,self_employed,519,REJECTED
33,M,131827,718794,400002,self_employed,677,APPROVED
39,M,141195,1182423,110043,self_employed,541,REJECTED
46,M,84347,1008284,221002,self_employed,659,REJECTED
51,M,105638,391110,845406,salaried,607,REJECTED
51,M,104857,234821,273001,salaried,554,APPROVED
62,F,58037,248199,845401,self_employed,585,REJECTED
30,M,109669,1166906,560001,self_employed,756,APPROVED
46,M,131183,1453310,560002,salaried,738,APPROVED
43,M,39442,1054496,500002,informal,571,REJECTED
45,M,36725,1472535,400001,informal,575,APPROVED
44,M,136080,669534,600002,salaried,557,REJECTED
45,F,146560,994323,226001,salaried,594,REJECTED
22,F,40073,1452865,600001,salaried,623,REJECTED
35,M,30451,207589,560002,informal,530,APPROVED
56,M,72447,662039,221001,salaried,575,REJECTED
31,M,69143,1468353,221002,self_employed,703,REJECTED
38,F,23565,626643,500001,salaried,573,APPROVED
37,M,90053,295259,221002,salaried,572,APPROVED
22,F,47060,308442,110002,salaried,793,APPROVED
38,M,145100,1000489,110043,self_employed,780,APPROVED
56,Other,111012,447327,845401,salaried,836,APPROVED
55,M,84461,215381,110002,salaried,825,REJECTED
24,M,71631,973328,241001,self_employed,732,REJECTED
28,F,10284,497576,221002,self_employed,567,REJECTED
29,F,44490,475410,241001,salaried,629,APPROVED
62,M,42263,94476,845406,informal,552,REJECTED
40,F,131572,297005,273001,self_employed,824,REJECTED
35,M,38918,1336191,600001,self_employed,566,APPROVED
22,F,81572,120313,600001,self_employed,828,APPROVED
47,M,28241,347532,600002,self_employed,515,APPROVED
24,Other,60096,650018,110001,salaried,524,REJECTED
55,F,34498,1404812,241001,self_employed,760,APPROVED
53,Other,34671,1003801,400002,salaried,651,APPROVED
32,F,24910,1114993,600001,salaried,595,APPROVED
38,M,139742,316804,110001,salaried,589,APPROVED
27,M,77308,123411,241001,salaried,563,APPROVED
53,M,90882,1093061,500002,salaried,701,APPROVED
31,M,27933,1162556,241001,self_employed,812,REJECTED
38,M,78498,1174293,273001,salaried,687,APPROVED
42,F,39781,1463365,500002,salaried,766,APPROVED
59,M,38566,375919,560001,salaried,730,APPROVED
62,F,82807,349649,560001,informal,786,APPROVED
41,F,47554,1434565,560002,self_employed,711,APPROVED
44,F,108031,1376864,273001,informal,730,APPROVED
26,F,60453,159276,226001,self_employed,572,REJECTED
55,M,67006,265839,845401,self_employed,811,REJECTED
59,M,15438,1459876,273001,informal,795,APPROVED
60,F,77168,203208,500001,salaried,530,APPROVED
27,F,39927,992456,400002,self_employed,543,REJECTED
39,F,27350,492463,500001,informal,790,REJECTED
34,F,49303,1134843,110001,informal,529,REJECTED
43,M,55961,1382432,560001,informal,662,REJECTED
46,M,68847,93483,110043,informal,785,REJECTED
41,F,124684,550458,400002,salaried,544,REJECTED
62,M,126235,1394481,241001,salaried,705,APPROVED
50,M,142311,238917,110043,salaried,648,REJECTED
47,M,102938,68588,241001,salaried,751,APPROVED
37,F,26285,1450448,110044,salaried,657,APPROVED
23,M,42216,1162810,560001,salaried,627,APPROVED
29,M,60484,711752,845401,salaried,774,REJECTED
47,F,109960,478248,600002,informal,532,REJECTED
25,F,56929,1072371,560002,self_employed,653,REJECTED
52,M,73594,1317521,400002,self_employed,703,REJECTED
39,F,51732,276692,560002,salaried,519,REJECTED
38,F,142732,189182,560001,salaried,808,APPROVED
34,Other,113105,158173,110043,informal,795,APPROVED
30,M,96825,806167,226002,self_employed,685,REJECTED
53,F,76463,813970,110001,self_employed,680,APPROVED
38,M,32302,885771,110043,self_employed,566,REJECTED
43,F,123790,946635,221001,informal,529,REJECTED
61,F,88517,811967,560001,informal,603,APPROVED
42,M,72808,807513,110002,self_employed,693,APPROVED
59,F,60457,276506,110002,salaried,804,APPROVED
26,M,96426,248193,110002,self_employed,697,APPROVED
45,M,130517,370845,500001,salaried,767,REJECTED
33,M,20310,855649,560002,self_employed,653,APPROVED
46,M,77417,240893,110002,salaried,550,APPROVED
58,F,106400,317213,400002,informal,694,APPROVED
32,M,70215,231349,273001,salaried,767,APPROVED
57,F,126721,1010510,600001,salaried,567,REJECTED
41,F,11683,403157,500001,informal,500,APPROVED
44,M,125966,1425673,400002,salaried,745,APPROVED
30,M,125316,397300,600001,salaried,763,APPROVED
49,F,12104,960852,110044,self_employed,644,REJECTED
29,M,110976,1259192,600001,salaried,522,APPROVED
25,M,113108,675882,273001,self_employed,732,APPROVED
52,F,144387,363065,400001,informal,616,APPROVED
26,F,15776,537227,845401,informal,766,REJECTED
44,M,134823,254730,226001,salaried,731,APPROVED
37,Other,36949,357115,560001,salaried,588,APPROVED
46,M,121159,567559,400001,salaried,517,REJECTED
51,F,30411,706535,221001,self_employed,793,APPROVED
53,M,57161,1328016,500002,salaried,648,REJECTED
51,M,73755,523656,110043,salaried,541,REJECTED
56,M,88548,733838,500001,self_employed,790,APPROVED
42,M,42405,1027066,221002,salaried,569,APPROVED
40,F,43383,422681,845406,self_employed,793,APPROVED
46,M,65775,1012122,400001,salaried,836,APPROVED
39,F,69701,256378,400002,salaried,684,APPROVED
35,F,125882,150151,600001,informal,767,APPROVED
57,M,15330,868840,600001,informal,522,REJECTED
36,M,109798,1116486,500001,informal,550,REJECTED
45,F,13195,646955,110043,salaried,657,REJECTED
48,M,69816,339395,600001,informal,711,REJECTED
54,M,62994,1251042,226002,self_employed,584,APPROVED
43,M,55143,688969,600001,salaried,560,APPROVED
50,M,117459,808919,560002,salaried,786,APPROVED
44,Other,104596,342236,400001,salaried,573,REJECTED
27,M,43182,611178,845401,salaried,602,REJECTED
29,M,71045,940669,500001,self_employed,642,APPROVED
38,M,134062,586926,500002,informal,726,APPROVED
37,F,39342,1247417,241001,self_employed,561,REJECTED
57,M,85655,204207,110002,salaried,730,APPROVED
51,M,106622,1461023,221002,self_employed,634,APPROVED
30,F,131818,1100931,110001,self_employed,703,APPROVED
23,F,105440,1350648,560001,salaried,532,APPROVED
26,Other,60578,1101775,221001,salaried,636,APPROVED
53,F,36689,1174454,273001,informal,791,APPROVED
61,F,142924,856318,400002,self_employed,783,REJECTED
62,M,16985,1301810,845406,self_employed,835,REJECTED
39,M,120905,239209,500002,informal,688,APPROVED
24,F,39046,150670,110001,informal,538,APPROVED
34,F,130028,233099,400002,salaried,591,APPROVED
61,M,146578,650769,110043,self_employed,805,APPROVED
32,M,142054,1083560,110001,informal,739,APPROVED
44,M,48782,832059,110044,salaried,583,APPROVED
55,F,18674,769004,241001,informal,574,REJECTED
23,M,78360,1210378,560001,informal,796,APPROVED
33,M,125070,792394,500002,informal,757,APPROVED
42,M,68030,1408225,226002,salaried,737,REJECTED
50,M,88108,1250483,221002,self_employed,732,APPROVED
38,F,29657,95718,273001,informal,601,REJECTED
50,M,146005,787306,110001,salaried,521,APPROVED
35,M,74871,1476780,600001,informal,541,APPROVED
34,M,93968,1127715,110001,salaried,549,APPROVED
57,F,128421,137644,500001,salaried,737,REJECTED
30,M,37560,727084,221001,informal,723,APPROVED
31,M,66666,1328074,500001,self_employed,698,APPROVED
58,M,32270,160328,110044,salaried,816,APPROVED
32,M,138838,953203,845406,salaried,699,APPROVED
55,M,75951,839218,400002,informal,614,APPROVED
31,M,136353,91546,500001,informal,718,REJECTED
35,F,24176,493532,500002,informal,850,APPROVED
29,M,43105,719689,226001,informal,799,REJECTED
61,F,12780,1000872,273001,salaried,719,REJECTED
36,F,45751,869970,600001,informal,779,APPROVED
58,Other,141988,1254686,560002,self_employed,714,APPROVED
42,M,149207,449668,400001,salaried,502,APPROVED
59,M,126873,1342506,273001,salaried,670,REJECTED
57,F,27565,1225995,241001,self_employed,604,APPROVED
47,F,99878,666926,110001,self_employed,568,APPROVED
40,M,87392,96010,600002,informal,837,APPROVED
24,F,42631,857038,500001,informal,583,APPROVED
61,F,84220,726541,560001,salaried,664,APPROVED
39,M,25359,1039193,400001,self_employed,799,REJECTED
25,Other,13398,577100,226002,salaried,726,REJECTED
28,M,146674,1378686,110044,informal,634,REJECTED
46,M,41710,158796,110001,salaried,805,APPROVED
36,F,137986,510160,600002,salaried,748,APPROVED
57,F,146557,306149,221001,salaried,826,APPROVED
27,M,141279,775319,241001,salaried,723,APPROVED
31,F,17332,644379,500001,self_employed,788,APPROVED
43,Other,116767,1106080,400002,salaried,576,APPROVED
35,F,137882,959055,560001,informal,716,APPROVED
37,M,129281,1402912,110043,informal,551,REJECTED
34,F,96642,758704,241001,informal,745,REJECTED
55,M,45411,683007,221001,salaried,613,APPROVED
33,M,140821,1135790,400001,salaried,787,APPROVED
32,M,124752,1118034,400002,salaried,699,APPROVED
36,M,143870,1137997,845406,self_employed,794,APPROVED
36,F,25913,1157943,500002,salaried,795,APPROVED
52,M,78957,1419926,600002,salaried,673,APPROVED
27,M,91240,215720,110001,self_employed,604,REJECTED
50,F,102359,710927,600002,self_employed,666,REJECTED
44,M,12071,636742,110044,informal,812,REJECTED
60,M,55216,1419014,845406,self_employed,843,APPROVED
57,M,28975,1105222,221002,salaried,559,REJECTED
28,F,46645,304705,226001,salaried,613,APPROVED
31,M,11125,1195350,110002,informal,669,REJECTED
23,M,61727,992827,500001,self_employed,699,APPROVED
41,M,149656,1016734,400002,salaried,711,APPROVED
46,M,15120,1257310,110043,salaried,503,REJECTED
23,M,52025,822385,600002,salaried,576,REJECTED
31,M,40865,829023,226002,salaried,691,APPROVED
29,M,35478,542411,226001,informal,569,APPROVED
35,F,129811,449672,110043,self_employed,555,REJECTED
33,F,31184,1072531,110002,salaried,590,APPROVED
37,F,48336,725485,241001,informal,846,APPROVED
46,F,49873,1088779,500001,informal,564,REJECTED
54,F,67963,445138,241001,informal,786,REJECTED
61,F,143904,604740,560001,salaried,675,REJECTED
58,M,146604,405641,560002,self_employed,586,APPROVED
43,M,39721,418708,600001,self_employed,691,APPROVED
35,M,96576,1406240,845406,salaried,730,REJECTED
28,F,112530,457443,560001,informal,659,REJECTED
46,F,48633,790944,110043,self_employed,615,REJECTED
55,M,141542,621531,110002,informal,631,REJECTED
34,M,58760,850628,560001,salaried,751,APPROVED
61,F,64295,1186032,845401,salaried,719,APPROVED
45,M,50013,1490368,845406,informal,534,APPROVED
24,Other,121594,1163842,600001,salaried,550,APPROVED
22,F,110266,163514,600002,salaried,521,APPROVED
22,Other,28807,1409770,560001,salaried,749,APPROVED
41,M,133256,913025,600001,self_employed,727,APPROVED
33,F,108212,440909,560001,self_employed,601,APPROVED
53,M,145397,834146,110043,informal,763,REJECTED
35,F,47509,1391811,560001,salaried,730,APPROVED
60,Other,74880,212580,221001,salaried,772,APPROVED
60,Other,81866,320394,560001,salaried,789,APPROVED
62,F,101410,1065510,560002,self_employed,592,REJECTED
50,F,108126,1321992,221002,self_employed,515,REJECTED
34,F,133096,310970,400002,salaried,737,APPROVED
35,M,75000,600000,400001,salaried,740,APPROVED
28,M,34312,846765,110002,salaried,676,APPROVED
55,M,75906,1210198,500002,informal,505,REJECTED
31,M,28719,175070,845406,salaried,657,APPROVED
62,M,62796,620133,226001,informal,746,APPROVED
39,F,128155,427255,110043,self_employed,794,REJECTED
52,M,66304,985673,241001,salaried,846,APPROVED
57,F,119614,887614,560001,salaried,560,APPROVED
37,M,113087,841275,400002,informal,742,APPROVED
48,M,147618,692663,500001,self_employed,618,APPROVED
31,M,139845,1155783,560002,self_employed,768,APPROVED
42,M,81570,851889,226001,salaried,726,APPROVED
29,M,41441,981984,110001,informal,752,APPROVED
52,M,134649,1173038,110043,self_employed,582,REJECTED
37,M,84690,1498033,221002,salaried,837,REJECTED
35,F,29660,369608,560002,self_employed,754,APPROVED
35,F,122740,996979,600001,informal,711,APPROVED
28,M,25889,894358,400001,self_employed,555,APPROVED
25,F,96414,1455119,600001,salaried,681,REJECTED
55,F,20752,254187,110044,informal,826,APPROVED
31,F,48642,1034662,226002,salaried,675,APPROVED
61,M,84692,991470,500002,salaried,622,APPROVED
60,M,37818,535856,110001,self_employed,572,APPROVED
61,F,36704,1229591,600002,salaried,553,APPROVED
24,F,81837,217970,500001,informal,751,APPROVED
38,M,20351,1067752,241001,self_employed,786,APPROVED
22,M,144757,264696,221002,salaried,679,APPROVED
27,M,84392,1130981,560001,self_employed,817,APPROVED
34,M,107994,377137,560002,informal,543,APPROVED
35,M,144308,288692,845406,salaried,556,APPROVED
58,F,90962,1226595,400001,self_employed,829,APPROVED
30,F,135226,198537,500001,salaried,545,REJECTED
56,F,104024,176982,110044,salaried,597,REJECTED
40,M,18570,626408,845401,salaried,647,APPROVED
36,M,38870,733948,110044,salaried,621,REJECTED
62,F,82695,1143244,560002,self_employed,622,APPROVED
50,F,100505,1410542,600002,salaried,601,REJECTED
53,M,83542,725097,226001,informal,747,APPROVED
50,M,35666,156091,400002,self_employed,776,APPROVED
44,M,34396,1301841,221002,self_employed,666,REJECTED
50,F,101641,105931,845401,salaried,702,APPROVED
47,M,119391,629332,110002,salaried,521,APPROVED
31,M,26219,994815,600001,salaried,675,REJECTED
34,M,77987,907299,241001,salaried,819,APPROVED
57,F,111944,548273,560002,self_employed,647,APPROVED
53,F,33079,321383,241001,self_employed,824,APPROVED
24,M,62978,244204,110044,salaried,512,REJECTED
30,Other,65408,152094,600002,informal,644,APPROVED
25,M,97427,560800,400001,informal,789,APPROVED
53,F,50579,448244,600001,salaried,529,APPROVED
51,M,54774,641936,226001,informal,809,APPROVED
44,M,87232,656514,500001,salaried,805,APPROVED
54,M,132688,622180,560001,salaried,557,APPROVED
51,M,142415,882448,110044,self_employed,563,REJECTED
24,M,86170,805424,241001,informal,660,APPROVED
51,M,134087,118382,560002,self_employed,786,APPROVED
23,F,60627,885643,560002,salaried,535,REJECTED
40,Other,104800,1260795,226002,salaried,535,APPROVED
60,M,134919,58974,400001,informal,844,APPROVED
47,F,27880,1402944,845406,self_employed,741,REJECTED
48,M,88026,708393,221002,self_employed,732,REJECTED
22,M,67121,1262806,845406,salaried,716,APPROVED
34,Other,51774,621918,221001,salaried,632,REJECTED
52,F,37406,669566,221001,salaried,543,APPROVED
49,M,62290,892049,110043,salaried,662,APPROVED
40,M,110702,1340540,221001,salaried,581,REJECTED
59,M,88421,1389951,110044,informal,628,APPROVED
23,M,16926,932730,500002,salaried,571,APPROVED
55,M,144722,707161,273001,informal,659,REJECTED
51,F,83864,850844,500002,self_employed,714,REJECTED
49,M,138902,241349,273001,self_employed,709,APPROVED
41,M,118293,163376,600001,informal,577,APPROVED
24,F,11405,581957,600002,self_employed,695,APPROVED
27,F,111587,437724,110001,salaried,695,APPROVED
51,F,99301,230094,500002,salaried,596,APPROVED
37,M,95798,960685,845401,self_employed,802,REJECTED
41,M,120328,1437611,400001,salaried,766,APPROVED
36,F,109562,1483424,600001,self_employed,742,APPROVED
30,M,56409,1289062,226001,self_employed,823,REJECTED
45,M,77558,771714,110044,salaried,562,APPROVED
31,M,33710,727492,110001,informal,593,REJECTED
51,M,41553,1136754,241001,self_employed,504,APPROVED
30,M,47400,844402,560001,self_employed,636,APPROVED
51,F,30644,1362718,241001,salaried,618,REJECTED
61,F,24304,74421,226002,self_employed,580,REJECTED
29,F,107832,1124844,500002,self_employed,508,REJECTED
35,Other,114939,436388,110043,informal,503,REJECTED
23,F,140294,875533,500001,informal,779,REJECTED
38,M,106845,540772,400002,salaried,605,APPROVED
39,M,143034,501110,845406,informal,709,APPROVED
30,M,74210,904835,273001,self_employed,840,APPROVED
31,M,147994,635986,400002,self_employed,540,APPROVED
57,M,53287,605864,226001,self_employed,810,APPROVED
58,M,133907,559602,600002,informal,708,APPROVED
52,F,36333,857106,110043,salaried,599,REJECTED
25,M,12015,478706,273001,salaried,608,REJECTED
40,M,63973,538719,500001,salaried,768,APPROVED
57,M,101687,771942,600002,salaried,632,APPROVED
48,F,106749,172264,226002,informal,636,REJECTED
56,F,138009,435976,241001,informal,777,REJECTED
45,M,39855,1232480,110043,salaried,779,APPROVED
52,M,30164,807333,845406,salaried,626,REJECTED
29,M,67561,291566,845401,salaried,518,APPROVED
29,F,82704,1243493,110043,self_employed,587,REJECTED
39,F,23199,1113107,110044,salaried,829,APPROVED
56,M,40897,658309,845401,salaried,650,APPROVED
30,F,74463,853597,110044,salaried,754,APPROVED
35,M,100459,163929,560001,self_employed,559,APPROVED
45,M,20907,975612,226002,self_employed,717,APPROVED
50,F,89355,819515,560002,informal,649,REJECTED
33,F,82084,636897,845401,salaried,576,APPROVED
35,M,134705,1001558,560002,salaried,540,APPROVED
55,M,129796,362351,500002,self_employed,763,APPROVED
54,M,26453,415946,500001,self_employed,680,APPROVED
50,M,144601,475765,500001,informal,596,APPROVED
48,M,27159,1065381,226002,salaried,824,APPROVED
48,M,67787,992059,600001,self_employed,503,REJECTED
60,F,62143,370527,600001,salaried,582,APPROVED
51,F,44382,665291,273001,self_employed,699,REJECTED
35,F,19609,1206776,600002,salaried,776,APPROVED
56,F,61152,63977,226002,self_employed,513,REJECTED
41,M,33518,879014,400002,self_employed,571,REJECTED
43,M,49345,389998,241001,informal,591,REJECTED
60,F,84102,675949,600002,self_employed,746,APPROVED
62,F,66975,471294,600001,salaried,648,APPROVED
49,M,36329,1143238,400001,salaried,785,APPROVED
34,F,145905,808706,400001,self_employed,755,APPROVED
30,M,52186,1274707,845406,informal,502,REJECTED
52,M,94830,570192,241001,salaried,696,APPROVED
47,M,73290,665287,241001,salaried,672,APPROVED
61,F,102488,554499,221001,self_employed,595,REJECTED
57,M,22506,885509,110001,salaried,583,APPROVED
55,Other,28240,227792,221001,salaried,705,REJECTED
29,M,17695,752569,845406,informal,639,REJECTED
32,M,39030,320821,500001,self_employed,744,APPROVED
50,M,138330,924349,500001,informal,573,APPROVED
53,M,134192,612740,226001,self_employed,826,REJECTED
43,M,35532,659383,221002,self_employed,669,REJECTED
30,M,53054,1149701,110044,self_employed,742,APPROVED
43,M,138497,803403,560001,informal,584,REJECTED
40,M,26938,668086,226001,salaried,520,APPROVED
43,F,54074,210179,560002,self_employed,558,APPROVED
42,F,96320,1275420,221002,self_employed,620,REJECTED
56,M,69540,237808,500002,salaried,687,APPROVED
60,M,108754,373491,560001,salaried,819,APPROVED
28,M,96155,104446,226001,salaried,848,APPROVED
42,M,80564,458994,500002,informal,650,REJECTED
29,F,101206,788165,600002,informal,816,APPROVED
53,M,83662,806216,241001,informal,644,REJECTED
47,M,112992,262450,500001,salaried,637,APPROVED
51,F,30027,294455,500001,informal,508,REJECTED
49,M,37243,481131,560002,self_employed,722,APPROVED
41,F,92444,116329,221002,salaried,544,REJECTED
38,M,88876,239268,110043,informal,620,APPROVED
58,M,67497,232976,600001,salaried,501,APPROVED
32,F,128940,56805,110043,informal,634,REJECTED
32,Other,72365,295193,560001,salaried,662,APPROVED
29,M,33703,380543,845406,informal,655,REJECTED
45,F,96901,916952,241001,salaried,627,REJECTED
25,Other,30083,168813,845401,salaried,592,APPROVED
55,F,84429,498233,560001,salaried,782,APPROVED
34,M,86330,971811,221001,salaried,655,REJECTED
42,M,74355,231745,110001,salaried,730,APPROVED
37,F,19629,444419,400001,salaried,610,REJECTED
45,Other,123062,196745,560002,informal,669,APPROVED
35,M,69097,722061,600002,salaried,636,APPROVED
23,M,19710,761532,500002,salaried,521,APPROVED
34,M,62881,1388798,845406,informal,623,APPROVED
62,M,84251,1351023,500001,informal,550,REJECTED
52,M,141763,89141,560002,salaried,772,APPROVED
43,M,24368,1129480,600002,informal,845,APPROVED
52,F,31000,300000,221001,self_employed,658,APPROVED
34,M,17747,1173977,221002,salaried,762,REJECTED
30,F,148037,976734,400002,self_employed,757,REJECTED
56,M,100812,1383666,845401,informal,504,REJECTED
25,F,58454,360915,560002,salaried,678,APPROVED
25,M,89711,1009515,600002,self_employed,795,APPROVED
23,F,24503,226013,500002,salaried,652,REJECTED
40,M,135915,468748,221002,salaried,605,APPROVED
61,M,146986,929952,400001,salaried,576,APPROVED
54,M,114842,454864,500001,salaried,601,APPROVED
31,M,10743,631487,110002,informal,574,REJECTED
36,M,27668,115877,221001,informal,536,REJECTED
41,M,116626,985292,560001,salaried,825,APPROVED
48,F,93869,618869,845401,informal,792,APPROVED
44,F,87539,551350,560001,self_employed,546,APPROVED
57,M,57990,1475460,845406,informal,835,APPROVED
23,M,93542,918305,241001,informal,655,APPROVED
44,M,130250,1445114,273001,salaried,553,APPROVED
49,F,31159,659856,845401,salaried,742,REJECTED
27,F,47048,895561,560002,self_employed,742,APPROVED
51,M,149756,767911,241001,self_employed,846,APPROVED
25,F,86481,1359287,600002,salaried,748,APPROVED
30,F,27052,317241,273001,salaried,791,REJECTED
61,M,43812,974482,110043,salaried,819,REJECTED
27,F,12128,1332389,110002,informal,706,REJECTED
55,M,38656,997093,400001,self_employed,521,REJECTED
41,M,132369,402432,400002,informal,559,APPROVED
60,M,117561,719828,560001,self_employed,568,APPROVED
39,M,114301,515762,600001,informal,565,APPROVED
37,M,99040,1012274,226001,self_employed,800,REJECTED
58,F,38560,1398088,226001,salaried,573,REJECTED
62,M,109664,359908,600001,informal,624,APPROVED
53,M,53746,821097,400001,salaried,552,REJECTED
24,F,87308,92106,221002,salaried,553,APPROVED
55,M,147128,1493347,110002,self_employed,548,APPROVED
34,Other,109032,1389521,221002,salaried,640,REJECTED
57,F,62303,681373,110043,salaried,652,REJECTED
62,F,103905,182814,500002,informal,703,APPROVED
57,M,78904,547316,560001,salaried,813,APPROVED
60,F,71299,784710,600001,salaried,841,APPROVED
40,M,12143,275437,500002,salaried,635,APPROVED
53,M,33831,148810,600001,informal,578,APPROVED
28,F,85978,1488391,226002,salaried,544,APPROVED
22,M,50376,600873,400001,salaried,827,APPROVED
26,F,53891,1116640,600002,salaried,830,APPROVED
59,M,55521,319236,560001,salaried,836,APPROVED
55,F,47788,1228702,845401,self_employed,753,APPROVED
49,M,137716,1411429,241001,salaried,787,APPROVED
43,M,27331,1288743,226002,informal,545,APPROVED
25,M,120640,771034,226002,salaried,602,APPROVED
48,M,134472,1251068,226002,informal,743,APPROVED
45,M,128889,845606,273001,salaried,590,APPROVED
49,F,45096,583762,400002,self_employed,619,REJECTED
61,F,67821,182351,273001,informal,718,APPROVED
53,M,22290,772290,600001,informal,843,APPROVED
44,F,134735,1448123,500001,self_employed,707,REJECTED
49,M,64981,778375,500002,informal,833,APPROVED
52,M,72484,764713,221002,informal,670,REJECTED
52,M,92361,422532,560002,informal,663,APPROVED
51,M,90176,1001274,110043,salaried,787,APPROVED
57,M,15633,133366,500002,salaried,771,APPROVED
58,M,80082,1128806,110001,informal,847,APPROVED
42,F,139576,1402640,500001,self_employed,546,APPROVED
58,M,146980,297104,221001,self_employed,692,REJECTED
57,M,124547,539407,500001,salaried,559,APPROVED
29,M,131292,826954,400001,informal,727,APPROVED
53,M,87490,594056,221001,informal,707,APPROVED
29,F,32422,177269,600002,informal,693,APPROVED
47,M,135488,1429051,273001,salaried,539,APPROVED
24,M,102421,1339437,226001,informal,640,REJECTED
57,M,36893,1131940,110002,informal,645,APPROVED
27,F,37883,323647,110043,self_employed,808,APPROVED
35,F,113668,376403,845406,salaried,722,APPROVED
62,M,81651,994872,400001,self_employed,682,APPROVED
37,F,139731,859260,221001,salaried,755,REJECTED
33,M,100485,1471474,110043,informal,772,APPROVED
59,M,100191,500612,600001,salaried,798,APPROVED
49,F,67248,1337580,226002,self_employed,726,REJECTED
38,M,112538,1017014,221002,informal,623,REJECTED
33,M,137808,494847,110002,salaried,632,APPROVED
55,M,117687,908644,500002,informal,537,APPROVED
40,F,38885,67479,110002,self_employed,850,APPROVED
29,M,13320,337753,560001,self_employed,583,APPROVED
28,M,45203,604625,110001,salaried,554,APPROVED
27,F,136416,1432846,400002,salaried,808,APPROVED
43,M,109585,741099,110043,salaried,720,REJECTED
37,M,70826,242918,221001,self_employed,616,APPROVED
33,M,51430,110954,226002,self_employed,559,APPROVED
49,M,116133,137716,560002,self_employed,694,APPROVED
45,Other,56925,72381,500001,salaried,684,APPROVED
42,F,74794,161692,241001,self_employed,643,REJECTED
45,F,92924,948225,273001,salaried,660,APPROVED
62,F,23096,694533,241001,informal,549,REJECTED
23,F,44222,1001490,110043,self_employed,683,APPROVED
29,F,89984,993847,110044,self_employed,669,APPROVED
26,M,49956,265956,560002,self_employed,643,APPROVED
45,M,98889,1219858,500001,informal,573,APPROVED
59,M,50421,409033,560001,self_employed,809,APPROVED
48,M,102083,168382,110044,self_employed,626,APPROVED
35,M,55458,1045877,226002,salaried,784,APPROVED
46,F,97269,1163420,400002,salaried,718,APPROVED
29,F,20766,778139,273001,self_employed,838,APPROVED
27,M,34448,103771,560002,salaried,821,APPROVED
39,M,24725,788076,110001,self_employed,658,APPROVED
47,M,145164,633481,400002,self_employed,688,APPROVED
24,M,131387,1345512,226002,informal,529,APPROVED
27,F,11664,65149,226001,salaried,545,REJECTED
56,F,66079,836564,600002,informal,630,APPROVED
34,M,79543,1035903,560002,salaried,595,APPROVED
40,M,112231,1340948,226002,self_employed,600,APPROVED
50,F,12987,606190,110002,salaried,534,APPROVED
38,M,73265,687412,600002,self_employed,758,APPROVED
27,M,117381,862090,110044,salaried,702,APPROVED
37,F,86461,597337,241001,informal,701,REJECTED
28,F,18000,150000,241001,informal,612,APPROVED
53,F,62612,290561,400001,salaried,578,APPROVED
43,F,45197,633273,500002,salaried,520,APPROVED
41,M,128893,203035,500001,self_employed,580,APPROVED
52,F,131332,983983,110044,salaried,656,APPROVED
23,F,40236,597807,110002,salaried,635,APPROVED
39,F,88249,521580,845401,informal,652,REJECTED
31,M,77646,812208,845401,salaried,840,APPROVED
43,M,131233,918122,600001,informal,528,REJECTED
55,M,147035,1328854,226001,salaried,690,REJECTED
31,M,127944,827968,600002,salaried,539,APPROVED
62,M,72799,1133409,110043,informal,813,REJECTED
56,F,61493,602043,560001,self_employed,820,APPROVED
32,F,131178,845775,560002,salaried,827,APPROVED
58,M,60636,418039,110001,self_employed,827,APPROVED
32,M,45317,1370241,273001,self_employed,793,APPROVED
50,M,124355,93635,110002,salaried,598,APPROVED
46,M,93010,1364493,600001,self_employed,749,APPROVED
34,M,32568,681070,600001,informal,575,APPROVED
45,F,75638,222848,400002,salaried,832,APPROVED
29,F,40573,223302,221001,salaried,828,APPROVED
55,F,147176,765999,600001,salaried,567,APPROVED
60,M,75769,1476058,110001,salaried,679,APPROVED
31,M,71075,201065,600001,salaried,572,APPROVED
23,M,41288,631366,845401,self_employed,534,REJECTED
61,F,64318,642355,560001,self_employed,544,REJECTED
58,Other,127677,1478440,500002,informal,789,APPROVED
38,F,46603,567215,560001,self_employed,775,APPROVED
59,F,47798,885287,845401,informal,653,APPROVED
55,F,72434,930417,845401,self_employed,530,REJECTED
45,F,67861,1320776,400001,self_employed,506,REJECTED
44,M,91325,1425846,241001,self_employed,700,APPROVED
37,M,51400,624150,221001,informal,775,APPROVED
29,F,90450,1242107,400001,self_employed,635,REJECTED
23,M,104425,145953,110044,informal,666,REJECTED
52,M,115281,943960,400001,self_employed,751,APPROVED
41,M,125559,119970,221001,self_employed,567,APPROVED
27,M,102910,954865,226002,salaried,703,APPROVED
23,M,48505,815972,560001,salaried,625,APPROVED
31,M,117562,511909,400001,self_employed,572,APPROVED
39,F,135378,1373464,221002,informal,753,APPROVED
32,M,82377,1276198,221001,salaried,624,APPROVED
25,F,38544,924422,221002,informal,582,REJECTED
29,F,131348,732367,500002,self_employed,727,APPROVED
42,F,93917,465551,110043,salaried,752,APPROVED
31,M,33614,1123123,500002,salaried,551,REJECTED
58,Other,44549,244859,500002,informal,739,APPROVED
42,M,145384,1271316,400002,salaried,684,APPROVED
23,F,50206,835185,221001,informal,765,REJECTED
54,F,45294,1096119,600002,salaried,524,APPROVED
39,F,41907,1476427,110043,self_employed,753,APPROVED
34,M,39337,83313,221001,self_employed,596,REJECTED
52,M,50975,1112595,500002,salaried,634,APPROVED
29,F,16000,120000,273001,informal,601,REJECTED
26,F,98535,953076,400001,salaried,616,APPROVED
32,M,47097,658586,600002,self_employed,604,REJECTED
59,Other,21827,318850,221001,informal,678,REJECTED
62,M,60496,830438,845406,self_employed,831,REJECTED
58,Other,146029,595470,500001,salaried,695,APPROVED
44,M,27357,363115,110044,salaried,515,APPROVED
30,M,94302,497179,600001,informal,803,APPROVED
61,M,17069,876320,560001,self_employed,839,APPROVED
38,M,89173,1302081,400002,salaried,788,APPROVED
55,M,122448,531267,221001,informal,746,REJECTED
22,F,68659,579301,600002,self_employed,656,REJECTED
38,F,64205,530683,845401,salaried,627,REJECTED
52,F,106400,696282,110002,salaried,810,APPROVED
61,M,24957,563418,400001,self_employed,787,APPROVED
46,M,42830,951185,500001,self_employed,781,APPROVED
54,M,111934,325602,500001,salaried,555,APPROVED
30,M,122738,354406,600001,self_employed,789,APPROVED
56,F,102177,351397,400002,salaried,765,APPROVED
26,M,129977,127560,241001,salaried,522,REJECTED
36,F,55826,207543,600001,salaried,568,APPROVED
27,M,48096,1039160,400001,informal,722,APPROVED
27,M,75061,298410,110001,self_employed,713,APPROVED
26,M,24226,423276,221002,informal,785,APPROVED
28,M,38888,554496,226001,salaried,735,APPROVED
36,F,36669,641007,400002,salaried,815,APPROVED
36,F,102358,509285,110001,self_employed,817,APPROVED
43,M,129332,347446,241001,informal,841,APPROVED
30,M,19358,454944,560002,salaried,803,APPROVED
61,F,46499,483312,560001,informal,530,REJECTED
43,M,89384,890150,110002,salaried,831,APPROVED
50,M,145679,996835,110002,salaried,615,APPROVED
42,M,71797,724943,500002,self_employed,747,APPROVED
31,M,34716,129138,600002,self_employed,579,APPROVED
41,F,26474,1362806,110044,self_employed,514,REJECTED
37,F,51339,1098406,221002,salaried,816,APPROVED
40,M,41948,1252668,845406,self_employed,694,REJECTED
62,M,88957,779501,400002,salaried,785,APPROVED
59,Other,90734,913206,500001,informal,545,APPROVED
34,F,30397,1450818,600002,self_employed,574,APPROVED
59,M,104421,125162,500002,salaried,653,APPROVED
41,M,53783,186916,273001,informal,652,REJECTED
62,M,128867,629618,400002,informal,841,APPROVED
52,M,73168,522581,226002,salaried,573,REJECTED
33,M,128929,1287981,221001,informal,603,REJECTED
28,F,138279,1341116,500001,salaried,643,APPROVED
49,M,100455,562179,221001,informal,838,REJECTED
58,F,47251,1230924,110002,informal,752,APPROVED
34,M,61306,579520,600001,self_employed,847,APPROVED
52,M,124309,897066,226001,informal,535,REJECTED
56,M,15801,439939,221001,informal,644,APPROVED
44,F,53604,1406857,845401,self_employed,788,REJECTED
24,F,110020,214579,110001,informal,671,APPROVED
52,F,129139,1078234,400001,salaried,831,APPROVED
43,M,126299,156380,273001,salaried,741,REJECTED
45,M,67894,509545,110001,informal,744,APPROVED
34,Other,42148,334643,226001,informal,731,APPROVED
56,M,18112,1458474,221002,salaried,563,APPROVED
39,M,149649,1338536,500002,informal,722,REJECTED
54,M,84345,611217,845401,informal,635,APPROVED
51,F,47917,854438,560002,salaried,806,APPROVED
38,F,66532,363565,400001,self_employed,811,APPROVED
60,F,129398,1478299,110001,salaried,626,APPROVED
59,F,101251,1275771,110044,self_employed,706,APPROVED
56,M,134711,1459010,560002,salaried,653,APPROVED
37,F,145264,415854,560001,self_employed,669,APPROVED
26,F,31639,1200138,500002,self_employed,724,APPROVED
49,F,13347,1146244,110001,salaried,695,APPROVED
23,M,55544,454254,600002,informal,602,REJECTED
34,F,60724,666935,600002,salaried,849,APPROVED
49,M,51104,620063,845401,informal,767,APPROVED
